Date,Open,High,Low,Close,Adj Close,Volume
10/20/2017,52800,54100,52800,53840,46617.50391,8027050
10/23/2017,54600,54640,54000,54300,47015.78906,8311050
10/24/2017,54700,54780,54040,54040,46790.67969,5806050
10/25/2017,54040,54420,53700,53900,46669.44922,5882850
10/26/2017,53720,53900,52400,52400,45370.67578,9776550
10/27/2017,52400,53320,52140,53080,45959.45313,7392500
10/30/2017,53780,54320,53700,54040,46790.67969,8196150
10/31/2017,54060,55440,53500,55080,47691.16797,13381550
11/1/2017,57500,57500,56180,57220,49544.08203,14510250
11/2/2017,57500,57520,56760,57060,49405.53906,10721050
11/3/2017,57060,57140,55860,56380,48816.76953,9935800
11/6/2017,56380,56500,55340,56380,48816.76953,9000950
11/7/2017,56380,56920,55860,56100,48574.32813,7464550
11/8/2017,56100,57060,55860,56760,49145.79688,8520200
11/9/2017,56920,56920,55900,56340,48782.13672,11994050
11/10/2017,55800,56540,55780,56400,48834.08203,6748800
11/13/2017,56400,56800,56100,56380,48816.76953,8806650
11/14/2017,56380,56740,55920,55920,48418.47266,6725000
11/15/2017,55920,56320,55320,55340,47916.28125,8816950
11/16/2017,55440,56000,55400,55780,48297.25781,7640700
11/17/2017,56400,56880,55820,55820,48331.89453,10733150
11/20/2017,55900,55980,55200,55200,47795.05078,9472750
11/21/2017,55400,55840,55280,55280,47864.32422,10324700
11/22/2017,55980,56200,55620,55960,48453.11328,7952950
11/23/2017,55960,55980,55020,55300,47881.64453,6272900
11/24/2017,55300,55500,55180,55460,48020.18359,4536200
11/27/2017,55360,55360,52640,52640,45578.48438,18128900
11/28/2017,52700,53280,51720,53280,46132.62891,13499400
11/29/2017,53200,53240,52500,52600,45543.84375,9590250
11/30/2017,50800,51860,50200,50800,43985.3125,29634150
12/1/2017,50800,51780,50800,50840,44019.94922,12868600
12/4/2017,50840,51340,50020,51340,44452.87109,14865050
12/5/2017,50600,51300,50280,51260,44383.60156,9326550
12/6/2017,51260,51560,50020,50020,43309.94531,10889200
12/7/2017,50040,50980,50020,50740,43933.35156,11065600
12/8/2017,51360,52000,51040,52000,45024.33203,11290450
12/11/2017,52000,52040,51500,51780,44833.83594,8125850
12/12/2017,51820,52100,51660,52100,45110.91406,8765050
12/13/2017,52100,52100,51100,51320,44435.55469,11333700
12/14/2017,51320,52280,51060,51060,44210.44141,20310400
12/15/2017,51240,51480,50520,50620,43829.46094,14928550
12/18/2017,50620,51240,50620,51200,44331.64453,7350250
12/19/2017,51540,52080,51520,51560,44643.35938,11978600
12/21/2017,51000,51060,49100,49140,42547.99609,15624300
12/22/2017,49400,49960,49240,49700,43032.87109,11199650
12/26/2017,49760,50100,48200,48200,41734.08984,16039850
12/27/2017,48960,49560,48460,49360,43123.19531,10743600
12/28/2017,49560,50960,49500,50960,44521.01953,8985450
1/2/2018,51380,51400,50780,51020,44573.4375,8474250
1/3/2018,52540,52560,51420,51620,45097.63281,10013500
1/4/2018,52120,52180,50640,51080,44625.86328,11695450
1/5/2018,51300,52120,51200,52120,45534.45703,9481150
1/8/2018,52400,52520,51500,52020,45447.08594,8383650
1/9/2018,51460,51720,49980,50400,44031.78125,18013600
1/10/2018,50500,50520,48640,48840,42668.89453,18566800
1/11/2018,48200,49260,48020,48240,42144.71094,25123800
1/12/2018,48240,48480,46760,48200,42109.75781,27270450
1/15/2018,48800,48980,47920,48540,42406.79688,10096000
1/16/2018,48760,50140,48620,50000,43682.32031,20389650
1/17/2018,50020,50020,49060,49620,43350.33594,11053050
1/18/2018,50020,50640,49820,49900,43594.96094,14848850
1/19/2018,50380,50380,49040,49320,43088.23828,9219950
1/22/2018,48640,48680,47960,48240,42144.71094,12520900
1/23/2018,48660,49160,48300,49160,42948.46484,13532700
1/24/2018,48860,49700,48560,49340,43105.71875,9550500
1/25/2018,49220,50360,49160,50260,43909.47266,11160350
1/26/2018,50500,50780,49840,50780,44363.76953,10350100
1/29/2018,51200,51480,50900,51220,44748.16797,11838800
1/30/2018,50440,50640,49780,49800,43507.59375,12284550
1/31/2018,50020,54140,49600,49900,43594.96094,64681300
2/1/2018,50620,50960,49720,49820,43525.05469,27609450
2/2/2018,49380,49400,47700,47700,41672.9375,29260350
2/5/2018,46500,48320,46000,47920,41865.14453,28357900
2/6/2018,46600,47920,46580,47420,41428.30859,19406450
2/7/2018,48240,48260,45800,45800,40013.01172,23448050
2/8/2018,46120,46620,45980,46000,40187.73828,23251050
2/9/2018,44440,45180,44420,44700,39051.99609,17465000
2/12/2018,45100,46320,45040,45720,39943.11328,15754950
2/13/2018,46200,48060,46200,47540,41533.14453,18923250
2/14/2018,48080,49100,47940,49000,42808.67578,18905900
2/19/2018,49800,49800,47860,48380,42267.02734,15353450
2/20/2018,48040,48160,47220,47400,41410.84375,10122600
2/21/2018,47280,47580,46840,47280,41306.00391,12880200
2/22/2018,47260,47260,46760,46760,40851.70313,8869950
2/23/2018,46760,47800,46760,47220,41253.58594,12423300
2/26/2018,47280,47560,47080,47380,41393.37109,9560650
2/27/2018,48360,48380,47380,47380,41393.37109,9830550
2/28/2018,47380,48100,47000,47060,41113.79688,15162350
3/2/2018,46580,46800,46000,46020,40205.21484,13265500
3/5/2018,45820,46160,45080,45200,39488.82031,14100950
3/6/2018,45920,47100,45820,47020,41078.85938,15423350
3/7/2018,48200,48900,47220,48620,42476.69531,21427050
3/8/2018,49200,49480,48080,49200,42983.40625,19463650
3/9/2018,49440,50540,49240,49740,43455.18359,14304400
3/12/2018,50560,50780,49580,49740,43455.18359,8688950
3/13/2018,50760,51660,50360,51660,45132.57031,20098700
3/14/2018,51020,52000,51000,51760,45219.94141,12713250
3/15/2018,52000,52020,51020,51540,45027.73047,8882450
3/16/2018,51220,51420,50240,51140,44678.27734,12184900
3/19/2018,50620,51340,50440,50740,44328.81641,8218850
3/20/2018,50700,51200,50100,51200,44730.69531,8193250
3/21/2018,51780,51780,51060,51060,44608.39844,8905200
3/22/2018,51060,51780,51040,51780,45237.40625,8454100
3/23/2018,50340,50720,49600,49720,43437.70703,14854950
3/26/2018,49420,50280,49040,50280,43926.94141,10057750
3/27/2018,50320,50460,49080,49980,43664.85156,11874000
3/28/2018,49100,49100,48340,48700,42546.57813,15159450
3/29/2018,48700,49560,48320,49040,43157.33594,10067000
3/30/2018,49080,49900,49080,49220,43315.74609,7777100
4/2/2018,49000,49220,48500,48540,42717.29688,7115650
4/3/2018,47880,48140,47280,48120,42347.6875,12768250
4/4/2018,48160,48260,46920,46920,41291.63672,12384200
4/5/2018,47400,49380,47340,48740,42893.32422,13245600
4/6/2018,48000,48580,47400,48400,42594.10547,12532700
4/9/2018,48260,49440,48200,49200,43298.13672,9950400
4/10/2018,48540,49220,48040,48880,43016.52734,10984350
4/11/2018,49900,49900,48600,48860,42998.92578,10051100
4/12/2018,49440,49440,48880,49000,43122.125,12466250
4/13/2018,49600,50180,49400,49800,43826.16797,10278300
4/16/2018,50320,50600,49860,50340,44301.39063,7877450
4/17/2018,50240,50540,49820,49980,43984.57031,7772000
4/18/2018,51000,51360,50580,51360,45199.03125,13462600
4/19/2018,52000,52980,51540,52780,46448.68359,17190550
4/20/2018,51800,52260,51420,51620,45427.83984,11761000
4/23/2018,51000,52080,51000,51900,45674.25391,11619000
4/24/2018,51840,51860,50080,50460,44406.99609,15770300
4/25/2018,49220,50500,49220,50400,44354.19141,16614600
4/26/2018,50420,52160,50400,52140,45885.46094,18046550
4/27/2018,53380,53640,52440,53000,46642.30078,30310800
4/30/2018,53000,53000,53000,53000,46642.30078,0
5/2/2018,53000,53000,53000,53000,46642.30078,0
5/3/2018,53000,53000,53000,53000,46642.30078,0
5/4/2018,53000,53900,51800,51900,45674.25391,39565391
5/8/2018,52600,53200,51900,52600,46290.28906,23104720
5/9/2018,52600,52800,50900,50900,44794.21484,16128305
5/10/2018,51700,51700,50600,51600,45410.23828,13905263
5/11/2018,52000,52200,51200,51300,45146.23438,10314997
5/14/2018,51000,51100,49900,50100,44090.17578,14909272
5/15/2018,50200,50400,49100,49200,43298.13672,18709146
5/16/2018,49200,50200,49150,49850,43870.16797,15918683
5/17/2018,50300,50500,49400,49400,43474.14844,10365440
5/18/2018,49900,49900,49350,49500,43562.15234,6706570
5/21/2018,49650,50200,49100,50000,44002.17578,9020998
5/23/2018,50600,52000,50400,51800,45586.25391,17095490
5/24/2018,52000,52000,51100,51400,45234.23438,8289275
5/25/2018,51000,52800,50800,52700,46378.28906,15207266
5/28/2018,52500,53000,52000,52300,46026.26172,9787820
5/29/2018,52200,52500,51300,51300,45146.23438,8480437
5/30/2018,51300,51500,49100,49500,43562.15234,20498098
5/31/2018,50400,50800,49850,50700,44618.19922,63491109
6/1/2018,50500,51700,49950,51300,45146.23438,13038499
6/4/2018,50800,51200,50700,51100,44970.23047,9767171
6/5/2018,51100,51400,50400,51300,45146.23438,9144100
6/7/2018,51800,51800,50500,50600,44530.20313,13590016
6/8/2018,50200,50400,49600,49650,43694.15625,16951706
6/11/2018,49750,50300,49350,49900,43914.16797,10571312
6/12/2018,49700,49800,49250,49400,43474.14844,12110569
6/14/2018,49000,49000,48200,48200,42418.09766,20971729
6/15/2018,48500,48700,47650,47650,41934.07422,17080892
6/18/2018,47600,47650,46200,46600,41010.01953,16661870
6/19/2018,47200,47350,46500,47000,41362.04297,15217971
6/20/2018,47450,47600,46850,47000,41362.04297,12959316
6/21/2018,47900,47900,47050,47050,41406.04688,10015541
6/22/2018,47000,47250,46200,47250,41582.05078,10298006
6/25/2018,47050,47050,46150,46650,41054.02344,10587711
6/26/2018,45900,47300,45900,47000,41362.04297,11223166
6/27/2018,47450,48500,47000,47950,42198.08203,15274752
6/28/2018,46850,47150,46600,46800,41492.36328,12784800
6/29/2018,46250,47150,46200,46650,41359.36719,14099635
7/2/2018,46500,47150,45500,45550,40384.12891,13112253
7/3/2018,45750,46450,45750,46150,40916.07813,10959655
7/4/2018,46700,47050,46050,46250,41004.73438,8776763
7/5/2018,46100,46550,45600,45950,40738.76563,7039773
7/6/2018,45500,45850,44650,44900,39807.84375,17843706
7/9/2018,45500,46100,45200,45600,40428.45313,11602464
7/10/2018,46200,46550,46100,46300,41049.05859,10528665
7/11/2018,46400,46450,45400,46000,40783.08594,11224077
7/12/2018,45900,46250,45450,45500,40339.80078,11828104
7/13/2018,45800,46500,45750,46500,41226.38281,11543389
7/16/2018,46800,46800,46000,46050,40827.42188,7678719
7/17/2018,46150,46200,45600,45850,40650.10547,8892953
7/18/2018,46700,47200,46450,46550,41270.71484,10952645
7/19/2018,47050,47200,46600,46900,41581.01563,9880128
7/20/2018,47000,47600,46700,47450,42068.64453,10474547
7/23/2018,47100,47200,46150,46500,41226.38281,10823782
7/24/2018,46350,46600,45950,46150,40916.07813,8261363
7/25/2018,46250,46550,45900,46150,40916.07813,7222471
7/26/2018,46100,47000,46000,46900,41581.01563,7374946
7/27/2018,46450,47000,46450,46900,41581.01563,4762460
7/30/2018,46550,46800,46350,46500,41226.38281,5723035
7/31/2018,46200,46450,46000,46250,41004.73438,8033607
8/1/2018,46050,46850,46050,46550,41270.71484,7484499
8/2/2018,46550,46800,45500,45550,40384.12891,8560924
8/3/2018,45850,45900,45450,45750,40561.44922,8274944
8/6/2018,46150,46150,45750,45800,40605.77344,6771979
8/7/2018,46300,46750,45900,46700,41403.69922,9058174
8/8/2018,47000,47000,46550,46800,41492.36328,6429338
8/9/2018,47000,47050,46450,46900,41581.01563,12010886
8/10/2018,46150,46400,44850,45400,40251.13281,16670643
8/13/2018,44950,45100,44650,45050,39940.83594,9803831
8/14/2018,44850,45400,44850,45150,40029.48047,6409259
8/16/2018,43800,44650,43700,44250,39231.55469,10088229
8/17/2018,44050,44400,44050,44100,39098.56641,6808747
8/20/2018,43500,44200,43500,43850,38876.92188,7289124
8/21/2018,43700,44900,43700,44800,39719.18359,9520270
8/22/2018,45150,46200,44900,46100,40871.74609,11641656
8/23/2018,46150,46200,45700,46200,40960.41406,6730918
8/24/2018,45900,46400,45550,46150,40916.07813,6582535
8/27/2018,46100,46550,46000,46300,41049.05859,5263782
8/28/2018,46800,46950,46300,46550,41270.71484,7365976
8/29/2018,46750,46800,46400,46800,41492.36328,5572374
8/30/2018,46950,47950,46700,47650,42245.96094,12193231
8/31/2018,47100,48450,47000,48450,42955.23047,13577454
9/3/2018,48200,48300,47300,47450,42068.64453,8595084
9/4/2018,47550,47800,47200,47650,42245.96094,6791255
9/5/2018,47300,47450,46400,46600,41315.03906,9139998
9/6/2018,46200,46400,45800,46100,40871.74609,9040553
9/7/2018,44500,45200,44400,44900,39807.84375,18285508
9/10/2018,45450,45550,45000,45500,40339.80078,9979838
9/11/2018,45550,45900,45050,45050,39940.83594,9865790
9/12/2018,44900,45100,44500,44550,39497.53516,12995269
9/13/2018,44550,44750,44000,44050,39054.23828,18277942
9/14/2018,45000,45850,44900,45850,40650.10547,12446344
9/17/2018,45550,45800,44900,45150,40029.48047,8123384
9/18/2018,44950,45900,44700,45500,40339.80078,9987090
9/19/2018,46000,46200,45700,46150,40916.07813,9367454
9/20/2018,46850,47600,46400,47250,41891.3125,13536966
9/21/2018,46550,47550,46550,47400,42024.30859,14476906
9/27/2018,46950,47500,46450,47500,42429.85547,15804586
9/28/2018,47250,47250,46300,46450,41491.92578,11270515
10/1/2018,46450,46800,45800,46350,41402.59766,6354983
10/2/2018,46450,46700,45700,45700,40821.98438,6607188
10/4/2018,45150,45600,44700,44700,39928.72266,11865327
10/5/2018,44800,45500,44550,44700,39928.72266,10544165
10/8/2018,44200,45200,44200,44950,40152.03906,6759464
10/10/2018,45250,45500,44500,45300,40464.67969,10341349
10/11/2018,44000,44650,43100,43100,38499.50391,19324537
10/12/2018,43200,44650,43200,44000,39303.4375,12640906
10/15/2018,44050,44050,43350,43800,39124.78906,7434522
10/16/2018,43700,44150,43350,43600,38946.14063,6825677
10/17/2018,44150,44500,44000,44150,39437.4375,8306193
10/18/2018,43950,44450,43700,44050,39348.10547,8347725
10/19/2018,43900,44150,43450,43900,39214.12109,7842520
10/22/2018,43450,43950,43200,43550,38901.47656,8357648
10/23/2018,43300,43450,42550,43050,38454.84766,9531231
10/24/2018,43050,43100,42250,42550,38008.21484,13522825
10/25/2018,40600,41550,40550,41000,36623.66406,19338170
10/26/2018,41100,41300,40400,41000,36623.66406,14413864
10/29/2018,40850,41950,40550,41400,36980.97266,14460521
10/30/2018,41400,43000,41000,42350,37829.55859,14205190
10/31/2018,42900,43350,41700,42400,37874.23438,17621480
11/1/2018,42450,42950,42150,42150,37650.91016,13423132
11/2/2018,43050,44250,42800,44150,39437.4375,16517112
11/5/2018,43750,43800,42900,43800,39124.78906,9426777
11/6/2018,43750,43800,42950,43750,39080.13281,7713625
11/7/2018,43600,44500,43400,44000,39303.4375,11553998
11/8/2018,44900,45050,44050,44050,39348.10547,12617397
11/9/2018,44450,44850,43900,44300,39571.42188,7318500
11/12/2018,43850,45250,43700,45200,40375.35547,8552566
11/13/2018,43900,44500,43400,44500,39750.07031,9311126
11/14/2018,44500,44500,43800,44100,39392.76953,6783344
11/15/2018,44050,44350,43500,44250,39526.75,5864067
11/16/2018,44600,44750,43700,44000,39303.4375,7777124
11/19/2018,44050,44250,43450,43650,38990.80078,7538720
11/20/2018,42450,43000,42100,42800,38231.52344,9420664
11/21/2018,41800,42300,41800,42100,37606.25,10769589
11/22/2018,42000,42650,42000,42450,37918.88672,5970796
11/23/2018,42450,42600,41900,42400,37874.23438,5192638
11/26/2018,42150,42800,42100,42600,38052.875,6613009
11/27/2018,42900,43100,42500,43050,38454.84766,8367091
11/28/2018,42800,43200,42750,43150,38544.16797,6943099
11/29/2018,43850,43850,42900,43150,38544.16797,8473511
11/30/2018,43450,44000,41750,41850,37382.9375,19775519
12/3/2018,42750,43400,42400,43250,38633.5,12110702
12/4/2018,42650,42900,41900,42150,37650.91016,14347746
12/5/2018,40900,41750,40850,41450,37025.63281,12631983
12/6/2018,40600,41100,40450,40500,36177.03516,14251826
12/7/2018,40900,41400,40850,40950,36578.99609,11433083
12/10/2018,40450,40650,40000,40200,35909.04688,14892263
12/11/2018,40600,40700,40200,40250,35953.71484,10638766
12/12/2018,40250,40700,40150,40450,36132.37109,12024279
12/13/2018,40650,40750,40000,40000,35730.40625,26254646
12/14/2018,40200,40200,38700,38950,34792.47656,19671783
12/17/2018,38650,39600,38650,39150,34971.13672,11532968
12/18/2018,38300,39200,38300,38900,34747.81641,11042101
12/19/2018,38900,39350,38850,39100,34926.46875,9942037
12/20/2018,38600,39100,38500,38650,34524.49609,11937617
12/21/2018,38200,38650,38100,38650,34524.49609,14947080
12/24/2018,38500,39050,38300,38800,34658.49219,9729530
12/26/2018,38400,38750,38300,38350,34256.51953,12707675
12/27/2018,38700,38800,38100,38250,34485.52734,10510643
12/28/2018,38250,38900,38200,38700,34891.23828,9900267
1/2/2019,39400,39400,38550,38750,34936.32031,7847664
1/3/2019,38300,38550,37450,37600,33899.49609,12471493
1/4/2019,37450,37600,36850,37450,33764.25391,14108958
1/7/2019,38000,38900,37800,38750,34936.32031,12748997
1/8/2019,38000,39200,37950,38100,34350.28125,12756554
1/9/2019,38650,39600,38300,39600,35702.66406,17452708
1/10/2019,40000,40150,39600,39800,35882.97656,14731699
1/11/2019,40350,40550,39950,40500,36514.08594,11661063
1/14/2019,40450,40700,39850,40050,36108.375,11984996
1/15/2019,40050,41100,39850,41100,37055.03906,11492756
1/16/2019,41150,41450,40700,41450,37370.59375,8491595
1/17/2019,41700,42100,41450,41950,37821.37891,11736903
1/18/2019,42000,42400,41950,42300,38136.92969,11029256
1/21/2019,42700,42750,41900,42750,38542.64063,11355701
1/22/2019,42750,42850,41850,42150,38001.69531,9964356
1/23/2019,41350,42250,41350,42000,37866.46484,11071079
1/24/2019,43050,43100,42350,43050,38813.125,14747623
1/25/2019,44300,44750,43750,44750,40345.8125,22789395
1/28/2019,45000,45500,44600,45050,40616.28516,17998914
1/29/2019,45050,45500,44350,45500,41022,16215017
1/30/2019,44800,46400,44800,46400,41833.42578,17505980
1/31/2019,46650,47050,46150,46150,41608.02734,21621145
2/1/2019,46650,46950,46250,46350,41788.34375,13832454
2/7/2019,46800,47100,46200,46200,41653.10547,15872001
2/8/2019,45700,45700,44650,44800,40390.89063,12689196
2/11/2019,44500,45000,44250,45000,40571.20313,11125044
2/12/2019,44650,46250,44650,46050,41517.86719,13184367
2/13/2019,46400,46700,46000,46200,41653.10547,11299738
2/14/2019,46600,47500,46150,47500,42825.17188,17259341
2/15/2019,46750,46850,45650,46050,41517.86719,10554643
2/18/2019,46500,46850,45850,46200,41653.10547,8183728
2/19/2019,45850,46150,45450,45950,41427.70313,6741395
2/20/2019,46750,47100,46500,46900,42284.20703,11506720
2/21/2019,46500,47200,46200,46950,42329.28125,8694009
2/22/2019,46500,47150,46450,47150,42509.61328,6895772
2/25/2019,47400,47550,47050,47350,42689.92969,7484716
2/26/2019,47350,47450,46500,46750,42148.98047,7985547
2/27/2019,47000,47250,46750,46750,42148.98047,8045211
2/28/2019,46400,46500,45100,45100,40661.36328,23569321
3/4/2019,46000,46100,44800,44850,40435.96875,12926539
3/5/2019,44600,45100,44150,44250,39895.01953,10612405
3/6/2019,44000,44300,43700,44000,39669.625,10202544
3/7/2019,43400,44950,43400,44450,40075.33594,11049749
3/8/2019,44450,44800,43800,43800,39489.3125,7729069
3/11/2019,44400,44450,43650,43650,39354.07422,10717408
3/12/2019,44300,44950,44150,44650,40255.65234,11431977
3/13/2019,44250,44450,43700,43850,39534.39063,8108343
3/14/2019,43700,44300,43550,43850,39534.39063,18039161
3/15/2019,43800,44250,43700,44200,39849.9375,16814163
3/18/2019,43950,44150,43450,43700,39399.14844,8188876
3/19/2019,43750,43900,43550,43900,39579.46875,7609563
3/20/2019,43800,44200,43100,44050,39714.69922,9846242
3/21/2019,44600,46250,44050,45850,41337.55469,21138016
3/22/2019,46850,47000,46250,46550,41968.66406,12535911
3/25/2019,45300,45650,44800,45500,41022,8699728
3/26/2019,45500,45700,44900,45250,40796.60156,9729811
3/27/2019,44750,45600,44250,45350,40886.76172,9568081
3/28/2019,44950,45200,44300,44850,40754.08984,6821306
3/29/2019,44500,44900,44200,44650,40572.35938,11491713
4/1/2019,45200,45450,44850,45050,40935.82813,7362129
4/2/2019,45550,46100,45350,45750,41571.90625,9480688
4/3/2019,46750,46750,45800,46600,42344.27344,12436570
4/4/2019,46150,47100,46150,46950,42662.30469,12650168
4/5/2019,46950,47550,46600,46850,42571.44531,8546339
4/8/2019,47250,47250,46150,46650,42389.71094,8507909
4/9/2019,46700,46950,46200,46650,42389.71094,6878761
4/10/2019,46400,46700,46050,46700,42435.14063,11883995
4/11/2019,46700,46800,46150,46250,42026.23047,13697399
4/12/2019,46050,46900,46000,46850,42571.44531,7668936
4/15/2019,47150,47500,47000,47050,42753.17969,8733019
4/16/2019,47400,47400,46800,47250,42934.91016,7730881
4/17/2019,47300,47600,47000,47050,42753.17969,5513658
4/18/2019,47200,47250,45500,45600,41435.60156,12808747
4/19/2019,45750,46000,45250,45300,41162.99219,8479710
4/22/2019,45400,45900,45100,45350,41208.43359,6006957
4/23/2019,45050,45500,45000,45200,41072.13281,6920566
4/24/2019,45400,45650,44150,44750,40663.22656,13299267
4/25/2019,44250,45000,44100,44650,40572.35938,10868965
4/26/2019,44200,45000,43800,44850,40754.08984,9739982
4/29/2019,45150,46150,45100,46150,41935.37109,8777517
4/30/2019,46000,46300,45350,45850,41662.77344,11121273
5/2/2019,45500,46150,45400,45900,41708.21094,8625126
5/3/2019,45900,46050,45300,45300,41162.99219,6562916
5/7/2019,45250,45300,44400,44850,40754.08984,12014907
5/8/2019,44300,44850,44200,44250,40208.89063,10398754
5/9/2019,43900,44250,42450,42450,38573.26563,23029718
5/10/2019,42600,43450,42450,42900,38982.17578,14579512
5/13/2019,42500,43200,42350,42650,38755.01172,7635079
5/14/2019,41300,43100,41300,42650,38755.01172,11563730
5/15/2019,42700,43050,42550,42550,38664.14453,7670185
5/16/2019,42350,42400,41350,41550,37755.46875,13687828
5/17/2019,41950,42050,40850,41200,37437.42969,13357951
5/20/2019,41650,42100,41550,42000,38164.37109,15752397
5/21/2019,42600,43950,42350,43150,39209.34375,18812133
5/22/2019,43700,43800,42400,43500,39527.38281,11033339
5/23/2019,43900,44000,43250,43850,39845.42188,12259006
5/24/2019,43800,43800,42400,42700,38800.44922,13966305
5/27/2019,42500,43000,42350,42650,38755.01172,8066669
5/28/2019,42550,42950,42150,42550,38664.14453,24506881
5/29/2019,41850,42100,41300,41800,37982.63672,14930618
5/30/2019,42200,42700,42150,42550,38664.14453,11766018
5/31/2019,42600,42800,42150,42500,38618.71094,11365999
6/3/2019,42950,43900,42500,43800,39799.98828,15466580
6/4/2019,43400,43700,43000,43450,39481.94922,9913497
6/5/2019,44050,44200,43700,43900,39890.85547,12464135
6/7/2019,43600,44350,43450,44200,40163.45313,11683682
6/10/2019,44300,44850,44050,44800,40708.66016,8792182
6/11/2019,44800,45000,44550,44850,40754.08984,6664872
6/12/2019,44800,45050,44300,44600,40526.91797,8607439
6/13/2019,44200,44400,43400,43750,39754.55078,16906541
6/14/2019,43750,44150,43300,44000,39981.71875,9322873
6/17/2019,43750,44050,43400,43900,39890.85547,11890424
6/18/2019,43750,44500,43650,44350,40299.75391,7994928
6/19/2019,45450,45450,45000,45350,41208.43359,10417690
6/20/2019,44850,45500,44850,45500,41344.73828,7147785
6/21/2019,45750,45800,45200,45700,41526.47266,9454913
6/24/2019,45200,45800,45200,45500,41344.73828,6085066
6/25/2019,45200,45800,45200,45600,41435.60156,7076774
6/26/2019,45800,46000,45600,45700,41526.47266,9226097
6/27/2019,46000,46600,45750,46500,42583.26563,12603534
6/28/2019,47000,47000,46700,47000,43041.14844,12949231
7/1/2019,47350,47400,46250,46600,42674.83594,11383522
7/2/2019,46200,46900,45850,46250,42354.32031,8463073
7/3/2019,45750,46350,45200,45400,41575.91797,9669368
7/4/2019,45250,46200,45250,46000,42125.375,6365573
7/5/2019,45950,45950,45250,45650,41804.85938,7235395
7/8/2019,44750,44800,44350,44400,40660.14844,7823843
7/9/2019,44850,45450,44700,45100,41301.1875,7646421
7/10/2019,45550,46150,45500,45550,41713.28125,9253930
7/11/2019,46350,46550,46150,46200,42308.53125,10989751
7/12/2019,46350,46400,45800,46300,42400.11328,5245804
7/15/2019,45950,46650,45750,46450,42537.47266,4717226
7/16/2019,46450,46850,46300,46850,42903.78125,7407824
7/17/2019,46150,46350,45950,46050,42171.16797,5216602
7/18/2019,46450,46450,45650,46100,42216.96094,5143554
7/19/2019,46650,46950,46600,46800,42857.99219,8819393
7/22/2019,46800,47300,46600,47200,43224.30469,9009109
7/23/2019,47350,47550,47050,47300,43315.88281,9061381
7/24/2019,47100,47150,46250,46400,42491.69141,8756522
7/25/2019,47150,47200,46600,47200,43224.30469,8408838
7/26/2019,46650,47150,46550,47150,43178.51563,7873886
7/29/2019,46800,47050,46000,46100,42216.96094,6856846
7/30/2019,46300,46850,46300,46550,42629.05078,5551014
7/31/2019,46200,46600,45000,45350,41530.13281,12872916
8/1/2019,44900,45500,44850,45200,41392.76563,7811181
8/2/2019,44550,45500,44300,44950,41163.82031,12151374
8/5/2019,44350,44600,43600,43950,40248.05859,14214086
8/6/2019,42500,43800,42500,43500,39835.95313,15083824
8/7/2019,43600,43900,43100,43200,39561.22266,10002533
8/8/2019,43250,43500,42650,42650,39057.54688,16926881
8/9/2019,43250,43350,43050,43150,39515.4375,9685147
8/12/2019,44000,44000,43550,43700,40019.10938,8466169
8/13/2019,43500,43500,42950,43000,39378.07422,7276979
8/14/2019,43900,44250,43500,43700,40019.10938,8750135
8/16/2019,43800,43900,43300,43900,40202.26563,9528115
8/19/2019,44350,44350,43500,43600,39927.52734,6014218
8/20/2019,43950,44600,43550,44450,40705.93359,8434205
8/21/2019,44350,44800,44150,44500,40751.72656,6571717
8/22/2019,44500,44700,43850,44050,40339.62891,8061177
8/23/2019,43800,44200,43650,43950,40248.05859,5017381
8/26/2019,43050,43800,42950,43600,39927.52734,7954949
8/27/2019,43650,44200,43600,44050,40339.62891,16883932
8/28/2019,44100,44400,43750,44150,40431.20703,5758333
8/29/2019,44200,44200,43050,43400,39744.375,10768862
8/30/2019,43750,44300,43750,44000,40293.83984,9899073
9/2/2019,44850,44850,43650,43800,40110.68359,7185537
9/3/2019,43550,43650,43100,43250,39607.01172,9774941
9/4/2019,43250,44100,43150,44100,40385.41406,12441837
9/5/2019,44800,46100,44450,45700,41850.65234,18297430
9/6/2019,46500,46500,45850,46300,42400.11328,9896562
9/9/2019,46450,47000,46300,46900,42949.56641,9434157
9/10/2019,47100,47200,46550,47000,43041.14844,9231792
9/11/2019,47300,47400,46800,47150,43178.51563,16141619
9/16/2019,47000,47100,46400,47100,43132.72656,15550926
9/17/2019,47000,47100,46800,46900,42949.56641,7006280
9/18/2019,46900,47700,46800,47700,43682.18359,10413027
9/19/2019,48050,49200,47850,49150,45010.04688,16461413
9/20/2019,49400,49600,49100,49200,45055.83984,15460210
9/23/2019,49250,49300,49000,49300,45147.41406,7568553
9/24/2019,49050,49650,48850,49500,45330.57422,7871955
9/25/2019,49200,49350,48800,48900,44781.10156,9187141
9/26/2019,49000,49250,48900,49200,45055.83984,8494756
9/27/2019,48000,48700,48000,48400,44644.45313,8048041
9/30/2019,48050,49250,47900,49050,45244.01563,9497119
10/1/2019,48900,49100,48650,48850,45059.53516,6206035
10/2/2019,48350,48400,47600,47600,43906.52734,8382463
10/4/2019,47400,48650,47350,48000,44275.48828,9331695
10/7/2019,48350,48700,47650,47750,44044.88672,7047273
10/8/2019,47900,49000,47600,48900,45105.64844,14239367
10/10/2019,48200,49200,48000,48550,44782.80859,18639855
10/11/2019,49000,49450,48800,49150,45336.25,7783275
10/14/2019,50000,50300,49850,50000,46120.28906,11130635
10/15/2019,49900,50200,49900,50100,46212.53516,6058105
10/16/2019,50700,50900,50400,50700,46765.98438,9136282
10/17/2019,50500,50600,50100,50500,46581.50391,6701380
10/18/2019,50300,50900,49650,49900,46028.05859,8483106
10/21/2019,49900,50400,49800,50300,46397.01563,4406531
10/22/2019,50800,51500,50700,51200,47227.18359,10898729
10/23/2019,51300,51500,50800,51200,47227.18359,8663880
10/24/2019,52500,52500,50500,50700,46765.98438,21185785
10/25/2019,50800,51200,50500,50900,46950.46094,7879897
10/28/2019,50700,51500,50700,51300,47319.42969,6431522
10/29/2019,51400,51700,50800,51100,47134.9375,7581629
10/30/2019,50700,50800,50200,50400,46489.26172,8959435
10/31/2019,51000,51400,50300,50400,46489.26172,10304777
11/1/2019,50600,51200,50400,51200,47227.18359,8467846
11/4/2019,51700,52300,51400,52300,48241.83203,13012411
11/5/2019,52400,52700,52100,52700,48610.79297,10581034
11/6/2019,52900,53500,52700,53300,49164.23828,14361133
11/7/2019,53400,53400,52400,52900,48795.27734,9257116
11/8/2019,53200,53300,52000,52100,48057.34766,11603290
11/11/2019,52200,52200,51400,51600,47596.14844,8185952
11/12/2019,51800,52600,51600,52600,48518.55469,6576148
11/13/2019,52500,52500,52000,52500,48426.30859,6225196
11/14/2019,51900,52800,51900,52800,48703.03516,12010018
11/15/2019,52900,53700,52600,53700,49533.20313,9703360
11/18/2019,53600,53800,53200,53500,49348.71875,7746554
11/19/2019,53200,53500,52700,53500,49348.71875,8907177
11/20/2019,53400,53400,52000,52000,47965.11328,12560070
11/21/2019,51600,52100,50600,51000,47042.69922,14298646
11/22/2019,51000,51600,50900,51600,47596.14844,8478310
11/25/2019,52200,52600,51700,51800,47780.62891,9050625
11/26/2019,51900,52900,51800,51800,47780.62891,27372226
11/27/2019,51800,52300,51600,52200,48149.59375,7546261
11/28/2019,51900,52100,51300,51300,47319.42969,6833885
11/29/2019,51200,51400,50200,50300,46397.01563,11179334
12/2/2019,50900,51300,50400,50400,46489.26172,18877252
12/3/2019,49800,50300,49500,49900,46028.05859,12059812
12/4/2019,49600,49850,49000,49450,45612.98047,13246549
12/5/2019,50200,50400,49500,49500,45659.09766,10449715
12/6/2019,50100,50900,49950,50400,46489.26172,11414563
12/9/2019,50900,51400,50700,51200,47227.18359,8470627
12/10/2019,51000,51600,50700,51500,47503.90625,6882771
12/11/2019,51500,52200,51400,51900,47872.86719,11379521
12/12/2019,53000,53300,52700,53300,49164.23828,29178697
12/13/2019,54500,54800,53900,54700,50455.60938,18120261
12/16/2019,54500,54900,54300,54700,50455.60938,11512405
12/17/2019,55800,56700,55400,56700,52300.41406,19358433
12/18/2019,56700,57200,56000,56300,51931.45703,15558208
12/19/2019,57000,57300,55500,56000,51654.73047,14180520
12/20/2019,56100,56500,55600,56000,51654.73047,12095519
12/23/2019,56100,56400,55100,55500,51193.53125,9839252
12/24/2019,55600,55700,54800,55000,50732.32813,11868463
12/26/2019,54700,55400,54400,55400,51101.29688,9645034
12/27/2019,55700,56900,55500,56500,52451.08984,12313056
12/30/2019,56200,56600,55700,55800,51801.25391,8356767
1/2/2020,55500,56000,55000,55200,51244.25781,12993228
1/3/2020,56000,56600,54900,55500,51522.75391,15422255
1/6/2020,54900,55600,54600,55500,51522.75391,10278951
1/7/2020,55700,56400,55600,55800,51801.25391,10009778
1/8/2020,56200,57400,55900,56800,52729.59766,23501171
1/9/2020,58400,58600,57400,58600,54400.60547,24102579
1/10/2020,58800,59700,58300,59500,55236.10938,16000170
1/13/2020,59600,60000,59100,60000,55700.27734,11359139
1/14/2020,60400,61000,59900,60000,55700.27734,16906295
1/15/2020,59500,59600,58900,59000,54771.94141,14300928
1/16/2020,59100,60700,59000,60700,56350.11328,14381774
1/17/2020,61900,62000,61000,61300,56907.11719,16025661
1/20/2020,62000,62800,61700,62400,57928.28906,12528855
1/21/2020,62000,62400,61200,61400,56999.95313,11142693
1/22/2020,60500,62600,60400,62300,57835.45703,15339565
1/23/2020,61800,61800,60700,60800,56442.94531,14916555
1/28/2020,59400,59400,58300,58800,54586.26953,23664541
1/29/2020,59100,59700,58800,59100,54864.76953,16446102
1/30/2020,58800,58800,56800,57200,53100.92969,20821939
1/31/2020,57800,58400,56400,56400,52358.26172,19749457
2/3/2020,55500,57400,55200,57200,53100.92969,23995260
2/4/2020,57100,59000,56800,58900,54679.10547,21800192
2/5/2020,60000,60200,58900,59500,55236.10938,19278165
2/6/2020,60100,61100,59700,61100,56721.44922,14727159
2/7/2020,61100,61200,59700,60400,56071.60938,16402493
2/10/2020,59200,59800,59100,59700,55421.78125,13107121
2/11/2020,59800,60700,59700,59900,55607.4375,11071231
2/12/2020,60300,60700,59700,60500,56164.45313,12904207
2/13/2020,61200,61600,60500,60700,56350.11328,18449775
2/14/2020,60900,61900,60200,61800,57371.28125,13276067
2/17/2020,61600,62000,61200,61500,57092.78516,8740596
2/18/2020,60800,60900,59700,59800,55514.60938,16674266
2/19/2020,59800,60400,59400,60200,55885.94922,12951496
2/20/2020,60700,61300,59600,60000,55700.27734,14591924
2/21/2020,58800,59800,58500,59200,54957.60938,13777393
2/24/2020,57400,58100,56800,56800,52729.59766,25627537
2/25/2020,56200,58000,56200,57900,53750.76563,23885408
2/26/2020,56000,57000,56000,56500,52451.08984,25483102
2/27/2020,56300,56900,55500,55900,51894.08203,23209541
2/28/2020,55000,55500,54200,54200,50315.91797,30054227
3/2/2020,54300,55500,53600,55000,51058.58594,30403412
3/3/2020,56700,56900,55100,55400,51429.92188,30330295
3/4/2020,54800,57600,54600,57400,53286.59766,24765728
3/5/2020,57600,58000,56700,57800,53657.93359,21698990
3/6/2020,56500,57200,56200,56500,52451.08984,18716656
3/9/2020,56500,56500,56500,56500,52451.08984,0
3/10/2020,53800,54900,53700,54600,50687.25391,32106554
3/11/2020,54300,54400,52000,52100,48366.39844,45707281
3/12/2020,52100,52100,52100,52100,48366.39844,0
3/13/2020,47450,51600,46850,49950,46370.48047,59462933
3/16/2020,50100,50900,48800,48900,45395.72656,33339821
3/17/2020,46900,49650,46700,47300,43910.38672,51218151
3/18/2020,47750,48350,45600,45600,42332.21094,40152623
3/19/2020,46400,46650,42300,42950,39872.10938,56925513
3/20/2020,44150,45500,43550,45400,42146.54688,49730008
3/23/2020,42600,43550,42400,42500,39454.36719,41701626
3/24/2020,43850,46950,43050,46950,43585.46484,49801908
3/25/2020,48950,49600,47150,48650,45163.64063,52735922
3/26/2020,49000,49300,47700,47800,44374.55078,42185129
3/27/2020,49600,49700,46850,48300,44838.73047,39896178
3/30/2020,47050,48350,46550,47850,44748.94922,26797395
3/31/2020,48000,48500,47150,47750,44655.42188,30654261
4/1/2020,47450,47900,45800,45800,42831.80078,27259532
4/2/2020,46200,46850,45350,46800,43767,21621076
4/3/2020,47400,47600,46550,47000,43954.03516,22784682
4/6/2020,47500,48800,47250,48700,45543.86328,23395726
4/7/2020,49650,50200,49000,49600,46385.52734,31524034
4/8/2020,49600,49750,48600,48600,45450.33594,25010314
4/9/2020,49750,49800,48700,49100,45917.92969,22628058
4/10/2020,48950,49250,48650,49250,46058.20703,17839111
4/13/2020,48650,48900,48300,48300,45169.78516,14431800
4/14/2020,48800,49200,48300,49000,45824.41016,14206216
4/16/2020,49350,49350,48550,49000,45824.41016,23349760
4/17/2020,50800,52000,50300,51400,48068.87891,32041675
4/20/2020,51400,51400,50000,50100,46853.125,21866354
4/21/2020,49400,49700,48700,49250,46058.20703,27407543
4/22/2020,48700,50000,48350,49850,46619.32813,18613864
4/23/2020,50200,50300,49500,49850,46619.32813,18754442
4/24/2020,49650,49750,49000,49350,46151.73047,15618347
4/27/2020,49350,50000,49100,49850,46619.32813,14049471
4/28/2020,49850,50100,49300,50100,46853.125,16095399
4/29/2020,49900,50500,49600,50000,46759.60547,15604533
5/4/2020,48900,49100,48500,48500,45356.82031,26083749
5/6/2020,49000,49200,48500,49200,46011.45313,18070225
5/7/2020,49200,49300,48700,48800,45637.375,13884411
5/8/2020,49100,49350,48800,48800,45637.375,15319700
5/11/2020,48900,49250,48300,48400,45263.30078,16357743
5/12/2020,48400,48500,47550,47900,44795.70703,23433590
5/13/2020,47250,48550,47200,48550,45403.57422,20223277
5/14/2020,47750,48100,47650,48000,44889.22656,19305974
5/15/2020,48400,48450,47700,47850,44748.94922,18463118
5/18/2020,47950,49100,47600,48800,45637.375,20481981
5/19/2020,50100,50500,49700,50300,47040.16016,25168295
5/20/2020,50000,50200,49800,50000,46759.60547,14896899
5/21/2020,50300,50400,49850,49950,46712.84766,14949266
5/22/2020,49600,49800,48600,48750,45590.61328,19706284
5/25/2020,48750,48900,48450,48850,45684.13672,14337913
5/26/2020,48700,49450,48600,49250,46058.20703,15127490
5/27/2020,48950,50000,48800,49900,46666.08203,19548479
5/28/2020,51100,51200,49900,50400,47133.68359,31309318
5/29/2020,50000,50700,49700,50700,47414.23828,27596961
6/1/2020,50800,51200,50600,51200,47881.83984,16949183
6/2/2020,51000,51500,50800,51400,48068.87891,14247933
6/3/2020,51800,55000,51700,54500,50967.97266,49257814
6/4/2020,55800,57000,54600,54600,51061.49219,40220334
6/5/2020,54400,55900,54000,55500,51903.16016,22743629
6/8/2020,56400,56500,54700,54900,51342.05078,25634965
6/9/2020,55800,56500,54400,55500,51903.16016,23998831
6/10/2020,55100,55900,54900,55400,51809.64063,16742493
6/11/2020,54500,55100,53200,54300,50780.93359,33815123
6/12/2020,52100,52800,51500,52300,48910.55078,26976019
6/15/2020,51400,52000,49900,49900,46666.08203,28772921
6/16/2020,51200,52100,50600,52100,48723.5,21808375
6/17/2020,52100,52900,51300,52200,48817.03125,26672595
6/18/2020,52200,52300,51600,52300,48910.55078,15982926
6/19/2020,52600,52900,51600,52900,49471.66016,18157985
6/22/2020,52000,52600,51800,52000,48629.98828,13801350
6/23/2020,52500,52800,51100,51400,48068.87891,18086152
6/24/2020,51900,53900,51600,52900,49471.66016,24519552
6/25/2020,52100,53000,51900,51900,48536.46875,18541624
6/26/2020,52800,53900,52200,53300,49845.73828,21575360
6/29/2020,52500,53200,52000,52400,49331.71484,17776925
6/30/2020,53900,53900,52800,52800,49708.28516,21157172
7/1/2020,53400,53600,52400,52600,49520,16706143
7/2/2020,52100,52900,52100,52900,49802.42969,14142583
7/3/2020,53000,53600,52700,53600,50461.44531,11887868
7/6/2020,54000,55000,53800,55000,51779.46875,19856623
7/7/2020,55800,55900,53400,53400,50273.16016,30760032
7/8/2020,53600,53900,52900,53000,49896.57813,19664652
7/9/2020,53200,53600,52800,52800,49708.28516,17054850
7/10/2020,53100,53200,52300,52700,49614.14453,13714746
7/13/2020,53300,53800,53100,53400,50273.16016,12240188
7/14/2020,53700,53800,53200,53800,50649.73438,14269484
7/15/2020,54400,55000,54300,54700,51497.03125,24051450
7/16/2020,54800,54800,53800,53800,50649.73438,16779127
7/17/2020,54200,54700,54100,54400,51214.60156,10096174
7/20/2020,54800,54800,54000,54200,51026.31641,10507530
7/21/2020,55200,55400,54800,55300,52061.89844,18297260
7/22/2020,55300,55500,54700,54700,51497.03125,12885057
7/23/2020,54700,54700,53800,54100,50932.16797,16214932
7/24/2020,54000,54400,53700,54200,51026.31641,10994535
7/27/2020,54300,55700,54300,55600,52344.33594,21054421
7/28/2020,57000,58800,56400,58600,55168.66406,48431566
7/29/2020,60300,60400,58600,59000,55545.24609,36476611
7/30/2020,59700,60100,59000,59000,55545.24609,19285354
7/31/2020,59500,59600,57700,57900,54509.65234,21943345
8/3/2020,57800,57900,56700,56800,53474.07031,21158940
8/4/2020,57200,58100,57000,57300,53944.79297,19419694
8/5/2020,57300,57500,56300,56900,53568.21484,17739706
8/6/2020,57100,58400,57100,58000,54603.80469,21625874
8/7/2020,57900,58400,57100,57500,54133.07813,18751717
8/10/2020,57600,58300,57500,57800,54415.51172,17774291
8/11/2020,58000,59500,57800,58200,54792.08984,24907912
8/12/2020,58200,59000,57700,59000,55545.24609,18573934
8/13/2020,59400,59600,58000,58700,55262.8125,22089460
8/14/2020,58000,58400,57700,58000,54603.80469,15672548
8/18/2020,58900,59900,58000,58400,54980.375,25307825
8/19/2020,59000,59200,57800,57800,54415.51172,16930719
8/20/2020,57600,57600,55300,55400,52156.04297,30386029
8/21/2020,56200,56900,55800,55900,52626.76563,21142288
8/24/2020,55800,56600,55400,56100,52815.0625,15055896
8/25/2020,56400,56800,56100,56400,53097.49219,14021705
8/26/2020,56400,56500,55700,56400,53097.49219,17651593
8/27/2020,56300,56300,55600,55600,52344.33594,16196568
8/28/2020,56100,56300,55400,55400,52156.04297,14619888
8/31/2020,56000,56100,54000,54000,50838.01953,32671367
9/1/2020,54100,54800,54100,54200,51026.31641,19363117
9/2/2020,54600,55100,54100,54400,51214.60156,16905723
9/3/2020,55600,56700,55500,56400,53097.49219,28384920
9/4/2020,55200,55800,55100,55600,52344.33594,22139109
9/7/2020,56100,57300,55800,56500,53191.63672,18685880
9/8/2020,57400,58700,57200,58700,55262.8125,31517520
9/9/2020,58200,59300,57800,58400,54980.375,30597399
9/10/2020,59900,60000,59100,59200,55733.53906,29923293
9/11/2020,59300,59400,58200,59000,55545.24609,16017098
9/14/2020,60200,60800,59900,60400,56863.26563,20648281
9/15/2020,60900,61000,60500,61000,57428.13281,17877075
9/16/2020,61100,61300,60600,61000,57428.13281,17041444
9/17/2020,60700,60800,59300,59500,56015.96484,25108356
9/18/2020,59800,59900,59100,59300,55827.68359,18884571
9/21/2020,59100,60000,59000,59200,55733.53906,15140387
9/22/2020,59100,59700,57800,58200,54792.08984,20830381
9/23/2020,58400,58800,57400,58600,55168.66406,20111398
9/24/2020,57700,58600,57600,57800,54415.51172,17564020
9/25/2020,57700,58200,57700,57900,54509.65234,11444683
9/28/2020,58300,58800,57900,58200,55129.15234,12614080
9/29/2020,58300,59000,58200,58200,55129.15234,15503563
10/5/2020,57500,59200,57500,58700,55602.76563,20228289
10/6/2020,59400,59900,58700,59000,55886.94141,14463826
10/7/2020,58700,59900,58500,59900,56739.44922,14861838
10/8/2020,60500,60700,59500,59700,56550.00781,24589924
10/12/2020,60000,60400,59900,60400,57213.07031,16145837
10/13/2020,61000,61400,60400,60900,57686.68359,19247631
10/14/2020,61000,61100,60500,60900,57686.68359,16086716
10/15/2020,60700,60800,59700,60000,56834.17969,17756232
10/16/2020,60000,60400,59000,59500,56360.55469,16554190
10/19/2020,59600,60200,59500,60000,56834.17969,14474985
10/20/2020,60300,60900,60100,60900,57686.68359,19326115
10/21/2020,61200,61500,60600,60900,57686.68359,15703443
10/22/2020,60300,60500,59800,60100,56928.90625,14294095
10/23/2020,60400,60400,59800,60200,57023.625,9322232
10/26/2020,60400,61100,60100,60400,57213.07031,13268226
10/27/2020,60300,60300,59500,59800,56644.73047,17260416
10/28/2020,59400,59400,58800,59000,55886.94141,14428882
10/29/2020,58200,58500,57500,58100,55034.42969,22636966
10/30/2020,58000,58000,56600,56600,53613.57031,26907844
11/2/2020,56400,57500,56000,57400,54371.36328,20489076
11/3/2020,57900,58900,57600,58800,55697.48828,14950919
11/4/2020,58900,59000,57800,58500,55413.32031,21718561
11/5/2020,59000,60300,58800,60300,57118.34375,20639475
11/6/2020,60700,60800,59600,60100,56928.90625,16910230
11/9/2020,60700,60900,60100,60200,57023.625,15892961
11/10/2020,60500,60500,59500,60200,57023.625,19073552
11/11/2020,60700,61400,60400,61300,58065.58203,25628510
11/12/2020,61000,61400,60700,61000,57781.41016,19800573
11/13/2020,61300,63200,61000,63200,59865.33203,31508829
11/16/2020,64000,66700,63900,66300,62801.76563,36354334
11/17/2020,67000,67000,65600,65700,62233.42578,30204089
11/18/2020,65700,66200,64700,64800,61380.91016,22963790
11/19/2020,64100,64800,63900,64600,61191.46094,16590290
11/20/2020,63900,65200,63900,64700,61286.17969,15068682
11/23/2020,64800,67800,64700,67500,63938.44531,27134398
11/24/2020,67900,69500,67000,67700,64127.90625,32158235
11/25/2020,67900,68300,66500,66600,63085.92969,32447065
11/26/2020,66100,68000,66000,68000,64412.05859,19023323
11/27/2020,68000,68400,67600,68200,64601.50781,14063434
11/30/2020,68400,68600,66700,66700,63180.66016,43811016
12/1/2020,67100,68300,67100,67800,64222.62109,22327173
12/2/2020,68400,69900,68300,69500,65832.91406,29703942
12/3/2020,70100,70500,69300,69700,66022.36719,23677989
12/4/2020,70400,72100,70100,71500,67727.39844,28130533
12/7/2020,72400,73500,71900,72900,69053.53906,28490496
12/8/2020,72200,72900,71600,71700,67916.82813,25000338
12/9/2020,72100,73900,72000,73900,70000.76563,24077996
12/10/2020,72700,73800,72500,72900,69053.53906,39882928
12/11/2020,73500,73800,73100,73400,69527.14844,18486672
12/14/2020,73600,74500,73200,73800,69906.03125,21510415
12/15/2020,73800,74100,73300,73800,69906.03125,20863671
12/16/2020,74100,74500,73400,73800,69906.03125,17512081
12/17/2020,73400,73700,72600,73300,69432.41406,24293214
12/18/2020,73300,73700,73000,73000,69148.24219,17613029
12/21/2020,73100,73400,72000,73000,69148.24219,20367355
12/22/2020,72500,73200,72100,72300,68485.17969,16304910
12/23/2020,72400,74000,72300,73900,70000.76563,19411326
12/24/2020,74100,78800,74000,77800,73694.97656,32502870
12/28/2020,79000,80100,78200,78700,74547.49219,40085044
12/29/2020,78800,78900,77300,78300,76035.17969,30339449
12/30/2020,77400,81300,77300,81000,78657.09375,29417421
1/4/2021,81000,84400,80200,83000,80599.24219,38655276
1/5/2021,81600,83900,81600,83900,81473.21094,35335669
1/6/2021,83300,84500,82100,82200,79822.38281,42089013
1/7/2021,82800,84200,82700,82900,80502.13281,32644642
1/8/2021,83300,90000,83000,88800,86231.47656,59013307
1/11/2021,90000,96800,89500,91000,88367.84375,90306177
1/12/2021,90300,91400,87800,90600,87979.40625,48682416
1/13/2021,89800,91200,89100,89700,87105.44531,36068848
1/14/2021,88700,90000,88700,89700,87105.44531,26393970
1/15/2021,89800,91800,88000,88000,85454.60938,33431809
1/18/2021,86600,87300,84100,85000,82541.39063,43227951
1/19/2021,84500,88000,83600,87000,84483.53125,39895044
1/20/2021,89000,89000,86500,87200,84677.75,25211127
1/21/2021,87500,88600,86500,88100,85551.72656,25318011
1/22/2021,89000,89700,86800,86800,84289.32813,30861661
1/25/2021,87000,89900,86300,89400,86814.11719,27258534
1/26/2021,88800,89200,86500,86700,84192.21875,33178936
1/27/2021,86600,87700,85600,85600,83124.02344,26423070
1/28/2021,83200,85600,83200,83700,81278.98438,31859808
1/29/2021,84500,85000,82000,82000,79628.15625,39615978
2/1/2021,81700,83400,81000,83000,80599.24219,28046832
2/2/2021,84100,86400,83700,84400,81958.74219,26302077
2/3/2021,84800,85400,83400,84600,82152.95313,22112205
2/4/2021,83500,83800,82100,82500,80113.69531,24171688
2/5/2021,83100,84000,82500,83500,81084.76563,18036835
2/8/2021,83800,84200,83000,83000,80599.24219,15338765
2/9/2021,84000,84800,82700,82700,80307.91406,20898332
2/10/2021,82600,82600,81600,81600,79239.72656,23025766
2/15/2021,83800,84500,83300,84200,81764.52344,23529706
2/16/2021,84500,86000,84200,84900,82444.27344,20483100
2/17/2021,83900,84200,83000,83200,80793.45313,18307735
2/18/2021,83200,83600,82100,82100,79725.27344,21327683
2/19/2021,82300,82800,81000,82600,80210.8125,25880879
2/22/2021,83800,84200,82200,82200,79822.38281,25419886
2/23/2021,81200,82900,81100,82000,79628.15625,20587314
2/24/2021,81800,83600,81300,82000,79628.15625,26807651
2/25/2021,84000,85400,83000,85300,82832.71875,34155986
2/26/2021,82800,83400,82000,82500,80113.69531,38520800
3/2/2021,85100,85300,83000,83600,81181.88281,33498180
3/3/2021,83500,84000,82800,84000,81570.3125,19882132
3/4/2021,82600,83200,82200,82400,80016.59375,24348331
3/5/2021,81100,82600,81100,82100,79725.27344,20508971
3/8/2021,82900,83000,81600,82000,79628.15625,17641256
3/9/2021,81400,81900,80600,81400,79045.51563,25420764
3/10/2021,82400,82500,80700,80900,78559.97656,20038422
3/11/2021,81000,82500,81000,82000,79628.15625,23818297
3/12/2021,83100,83500,82400,82800,80405.01563,13530573
3/15/2021,82800,82900,81800,81800,79433.94531,13735798
3/16/2021,82200,83000,82100,82800,80405.01563,12293537
3/17/2021,82800,82900,82000,82300,79919.48438,11625146
3/18/2021,82800,83800,82600,82900,80502.13281,18585244
3/19/2021,82100,82500,81800,81900,79531.05469,15869700
3/22/2021,82000,82300,81700,82000,79628.15625,12670506
3/23/2021,82600,82900,81800,81800,79433.94531,13299907
3/24/2021,81000,81600,80700,81000,78657.09375,17926638
3/25/2021,81000,82100,80800,81200,78851.29688,14758826
3/26/2021,81400,81600,81000,81500,79142.625,12845778
3/29/2021,81700,81700,81000,81600,79239.72656,14952134
3/30/2021,81600,82300,81300,82200,80177.08594,13121698
3/31/2021,82400,82700,81400,81400,79396.77344,17240518
4/1/2021,82500,83000,82000,82900,80859.85938,18676461
4/2/2021,84000,85200,83900,84800,82713.10156,22997538
4/5/2021,85800,86000,84800,85400,83298.32813,16255990
4/6/2021,86200,86200,85100,86000,83883.57031,19042023
4/7/2021,86100,86200,85400,85600,83493.40625,17885538
4/8/2021,85700,85700,84100,84700,82615.5625,19244259
4/9/2021,84700,84900,83400,83600,81542.625,18193707
4/12/2021,84100,84100,83100,83200,81152.47656,12915282
4/13/2021,83000,84500,82800,84000,81932.78906,15238206
4/14/2021,84000,84300,83400,84000,81932.78906,13794652
4/15/2021,83700,84500,83400,84100,82030.32813,16377412
4/16/2021,84700,84700,83600,83900,81835.25781,15429522
4/19/2021,83800,84000,83300,83300,81250.00781,15287311
4/20/2021,83300,84000,83100,83900,81835.25781,15521965
4/21/2021,83300,83500,82500,82600,80567.24219,21636079
4/22/2021,82900,83000,82400,82400,80372.16406,13934746
4/23/2021,81900,82900,81600,82800,80762.30469,17805080
4/26/2021,82900,83500,82600,83500,81445.08594,15489938
4/27/2021,83200,83300,82500,82900,80859.85938,12941533
4/28/2021,83200,83200,82100,82100,80079.54688,15596759
4/29/2021,82400,82500,81500,81700,79689.38281,20000973
4/30/2021,81900,82100,81500,81500,79494.30469,18673197
5/3/2021,81000,82400,81000,81700,79689.38281,15710336
5/4/2021,81900,82600,81800,82600,80567.24219,12532550
5/6/2021,81700,82300,81700,82300,80274.625,17047511
5/7/2021,81800,82100,81500,81900,79884.46875,14154882
5/10/2021,82300,83500,81800,83200,81152.47656,19385027
5/11/2021,82500,82600,81100,81200,79201.6875,28996680
5/12/2021,80800,81200,79800,80000,78031.22656,35812268
5/13/2021,78900,79600,78400,78500,76568.14063,31490096
5/14/2021,79000,80300,78900,80100,78128.76563,16450920
5/17/2021,80800,80900,79200,79600,77641.07813,17740855
5/18/2021,79600,80000,79100,79600,77641.07813,17494407
5/20/2021,79400,79700,79100,79500,77543.53125,16541828
5/21/2021,80100,81500,79800,80100,78128.76563,20961714
5/24/2021,80100,80400,79500,79700,77738.60156,13398666
5/25/2021,80000,80400,79800,79900,77933.67188,13628942
5/26/2021,80400,80500,79700,79800,77836.14844,11984359
5/27/2021,80000,80000,79100,79600,77641.07813,23198510
5/28/2021,79800,80400,79400,80100,78128.76563,12360199
5/31/2021,80300,80600,79600,80500,78518.92188,13321324
6/1/2021,80500,81300,80100,80600,78616.45313,14058401
6/2/2021,80400,81400,80300,80800,78811.53906,16414644
6/3/2021,81300,83000,81100,82800,80762.30469,29546007
6/4/2021,82700,82700,81500,82200,80177.08594,18112259
6/7/2021,82700,82800,81600,81900,79884.46875,16496197
6/8/2021,82300,82600,81800,81900,79884.46875,12781226
6/9/2021,81500,82000,81100,81100,79104.15625,14908823
6/10/2021,81300,81400,80900,81000,79006.625,17586995
6/11/2021,81200,81700,80700,81000,79006.625,14087962
6/14/2021,80800,80900,80500,80500,78518.92188,10550078
6/15/2021,80900,81200,80600,80900,78909.07813,10075685
6/16/2021,81500,81900,81100,81800,79786.92969,14999855
6/17/2021,81100,81300,80700,80900,78909.07813,14007385
6/18/2021,81100,81100,80500,80500,78518.92188,14916721
6/21/2021,79700,80000,79600,79900,77933.67188,16063340
6/22/2021,80200,80300,79900,80000,78031.22656,11773365
6/23/2021,80500,80600,79900,80100,78128.76563,13856548
6/24/2021,80400,81400,80100,81200,79201.6875,18771080
6/25/2021,81500,81900,81200,81600,79591.85156,13481405
6/28/2021,81700,82000,81600,81900,79884.46875,11578529
6/29/2021,81900,82100,80800,81000,79356.40625,15744317
6/30/2021,81100,81400,80700,80700,79062.48438,13288643
7/1/2021,80500,80600,80000,80100,78474.67188,13382882
7/2/2021,80000,80400,79900,80000,78376.69531,8753097
7/5/2021,80100,80800,80000,80400,78768.58594,8330969
7/6/2021,80600,81200,80500,81200,79552.34375,12131651
7/7/2021,81200,81300,80300,80800,79160.46094,15992202
7/8/2021,81100,81200,79900,79900,78278.72656,16660998
7/9/2021,79600,79800,79000,79400,77788.86719,22720577
7/12/2021,79900,80000,79500,79700,78082.78125,9768108
7/13/2021,80000,80200,79800,79800,78180.75,9863450
7/14/2021,79400,79600,79100,79500,77886.83594,11575636
7/15/2021,79800,80600,79500,80600,78964.51563,13766279
7/16/2021,80100,80100,79500,79800,78180.75,10859399
7/19/2021,79100,79200,78800,79000,77396.99219,13155414
7/20/2021,78500,79000,78400,79000,77396.99219,12456646
7/21/2021,79000,79100,78500,78500,76907.14063,12355296
7/22/2021,79000,79800,78900,79700,78082.78125,12618790
7/23/2021,79700,79900,79200,79300,77690.89844,9098910
7/26/2021,79400,79500,78800,78800,77201.03906,10040975
7/27/2021,79200,79400,78500,78500,76907.14063,11427693
7/28/2021,78300,79200,78100,79200,77592.92969,12743417
7/29/2021,78800,79400,78800,79000,77396.99219,14360453
7/30/2021,78900,78900,78500,78500,76907.14063,13823411
8/2/2021,79200,79500,78700,79300,77690.89844,11739124
8/3/2021,79400,81400,79300,81400,79748.28125,24339360
8/4/2021,82200,83100,81800,82900,81217.85156,25642368
8/5/2021,83300,83300,82000,82100,80434.07813,18485469
8/6/2021,81900,82500,81300,81500,79846.25781,13342623
8/9/2021,81500,82300,80900,81500,79846.25781,15522581
8/10/2021,82300,82400,80100,80200,78572.63281,20362639
8/11/2021,79600,79800,78500,78500,76907.14063,30241137
8/12/2021,77100,78200,76900,77000,75437.5625,42365223
8/13/2021,75800,76000,74100,74400,72890.32813,61270643
8/17/2021,74000,75100,74000,74200,72694.39063,30944847
8/18/2021,73900,74600,73100,73900,72400.46875,29192631
8/19/2021,73500,74400,73100,73100,71616.71094,22166298
8/20/2021,73500,73900,72500,72700,71224.82031,22364803
8/23/2021,73300,74000,73000,73300,71812.65625,19384648
8/24/2021,73900,75700,73900,75600,74065.97656,21016913
8/25/2021,76200,76600,74900,75700,74163.95313,22319664
8/26/2021,76100,76200,74600,74600,73086.25781,16671494
8/27/2021,74300,75000,73800,74300,72792.35156,15172748
8/30/2021,75400,75500,74200,74600,73086.25781,12686999
8/31/2021,74900,76700,74300,76700,75143.65625,24630370
9/1/2021,76700,77100,75900,76800,75241.625,16114775
9/2/2021,76800,76800,75700,76000,74457.85938,15347486
9/3/2021,76400,76700,76000,76600,75045.69531,12096419
9/6/2021,76800,77600,76600,77300,75731.47656,12861180
9/7/2021,77100,77100,75900,76100,74555.83594,13239401
9/8/2021,76000,76400,75600,76300,74751.77344,11798147
9/9/2021,76400,76600,75000,75300,73772.0625,17600770
9/10/2021,75300,75600,74800,75300,73772.0625,10103212
9/13/2021,75200,76300,75100,76300,74751.77344,11397775
9/14/2021,77100,77700,76600,76600,75045.69531,18167057
9/15/2021,77400,77400,76400,77000,75437.5625,12829128
9/16/2021,77300,77400,76100,76100,74555.83594,13067622
9/17/2021,76300,77200,75900,77200,75633.50781,16289502
9/23/2021,77500,77600,76800,77400,75829.45313,17055590
9/24/2021,77600,77700,77100,77300,75731.47656,12247274
9/27/2021,77300,77700,77000,77700,76123.36719,11699798
9/28/2021,77700,77800,76200,76300,74751.77344,15406382
9/29/2021,74800,75300,73800,74100,72941.51563,23992458
9/30/2021,74300,74800,73700,74100,72941.51563,19919361
10/1/2021,73900,74000,72900,73200,72055.59375,15803395
10/5/2021,73000,73000,71400,72200,71071.21875,24013921
10/6/2021,72600,72800,71200,71300,70185.29688,18956962
10/7/2021,71600,72100,71300,71600,70480.60938,13683532
10/8/2021,72300,72400,71500,71500,70382.16406,14043287
10/12/2021,70700,70900,68700,69000,67921.25781,31001484
10/13/2021,68700,69600,68300,68800,67724.38281,24172015
10/14/2021,69000,69800,68800,69400,68315,19520641
10/15/2021,70200,71000,70000,70100,69004.05469,18051612
10/18/2021,70200,70300,69200,70200,69102.49219,13486391
10/19/2021,70800,71000,70400,70600,69496.24219,9507991
10/20/2021,70700,71000,70200,70300,69200.92969,10151638
10/21/2021,70300,70600,70000,70200,69102.49219,10891094
10/22/2021,70000,70700,70000,70400,69299.36719,8395448
10/25/2021,69900,70600,69500,70200,69102.49219,10029621
10/26/2021,70600,71500,70400,71100,69988.42188,10528252
10/27/2021,71000,71000,70000,70100,69004.05469,10295316
10/28/2021,69500,72200,69500,70700,69594.67969,20644902
10/29/2021,71200,71600,69700,69800,68708.75,17016151
11/1/2021,70200,70600,69900,69900,68807.1875,11503729
11/2/2021,70800,72200,70700,71500,70382.16406,16812570
11/3/2021,71700,71700,70100,70400,69299.36719,12770428
11/4/2021,71200,71600,70500,70600,69496.24219,11818987
11/5/2021,71600,71600,70200,70200,69102.49219,12667743
11/8/2021,70400,70600,69800,70600,69496.24219,11121981
11/9/2021,70300,71000,70100,70500,69397.80469,11159589
11/10/2021,70300,70900,70200,70200,69102.49219,9422009
11/11/2021,69900,70000,69600,69900,68807.1875,11489122
11/12/2021,70200,70900,69900,70600,69496.24219,10087450
11/15/2021,71700,71900,70900,71400,70283.73438,12420710
11/16/2021,71500,72000,71300,71300,70185.29688,10919239
11/17/2021,71300,71600,70600,70700,69594.67969,11027606
11/18/2021,70700,71000,70200,70200,69102.49219,10144957
11/19/2021,70400,71400,70100,71200,70086.85938,11954728
11/22/2021,73300,75200,73000,74900,73729.01563,27506623
11/23/2021,76000,76000,74500,75300,74122.75781,22029195
11/24/2021,76000,76200,74100,74800,73630.57813,15652305
11/25/2021,75100,75100,73600,73700,72547.78125,12559258
11/26/2021,73500,74100,72000,72300,71169.66406,13002242
11/29/2021,71700,73000,71400,72300,71169.66406,16682559
11/30/2021,73200,73900,70500,71300,70185.29688,30364841
12/1/2021,72000,74800,71600,74400,73236.82813,21954856
12/2/2021,73900,75800,73800,75800,74614.94531,23652940
12/3/2021,75600,76000,74100,75600,74418.07813,18330240
12/6/2021,75100,76700,74900,76300,75107.125,16391250
12/7/2021,76100,77700,75600,77400,76189.92188,19232453
12/8/2021,78300,78600,77100,77400,76189.92188,21558340
12/9/2021,77400,78200,77000,78200,76977.42188,21604528
12/10/2021,77400,77600,76800,76900,75697.74219,9155219
12/13/2021,77200,78300,76500,76800,75599.3125,15038750
12/14/2021,76500,77200,76200,77000,75796.17969,10976660
12/15/2021,76400,77600,76300,77600,76386.80469,9584939
12/16/2021,78500,78500,77400,77800,76583.67969,11996128
12/17/2021,76800,78000,76800,78000,76780.55469,13108479
12/20/2021,77600,77800,76800,77100,75894.625,11264375
12/21/2021,77900,78300,77500,78100,76878.98438,14245298
12/22/2021,78900,79400,78800,79400,78158.65625,17105892
12/23/2021,79800,80000,79300,79900,78650.85156,13577498
12/24/2021,80200,80800,80200,80500,79241.46094,12086380
12/27/2021,80600,80600,79800,80200,78946.14844,10783368
12/28/2021,80200,80400,79700,80300,79044.58594,18226325
12/29/2021,80200,80200,78500,78800,77918.32813,19794795
12/30/2021,78900,79500,78100,78300,77423.92969,14236700
1/4/2022,78800,79200,78300,78700,77819.45313,12427416
1/5/2022,78800,79000,76400,77400,76533.99219,25470640
1/6/2022,76700,77600,76600,76900,76039.58594,12931954
1/7/2022,78100,78400,77400,78300,77423.92969,15163757
1/10/2022,78100,78100,77100,78000,77127.28906,9947422
1/11/2022,78400,79000,78000,78900,78017.21094,13221123
1/12/2022,79500,79600,78600,78900,78017.21094,11000502
1/13/2022,79300,79300,77900,77900,77028.39844,13889401
1/14/2022,77700,78100,77100,77300,76435.11719,10096725
1/17/2022,77600,77800,76900,77500,76632.88281,8785122
1/18/2022,77600,77800,76600,77000,76138.46875,9592788
1/19/2022,76500,76900,76100,76300,75446.30469,10598290
1/20/2022,76200,76700,75900,76500,75644.0625,9708168
1/21/2022,75800,75800,74700,75600,74754.14063,15774888
1/24/2022,75400,75800,74700,75100,74259.73438,13691134
1/25/2022,74800,75000,73200,74000,73172.03906,17766704
1/26/2022,74000,74000,74000,74000,73172.03906,0
1/27/2022,73800,74000,71300,71300,70502.25,22274777
1/28/2022,71300,73700,71200,73300,72479.875,21367447
2/3/2022,74900,74900,73300,73300,72479.875,17744721
2/4/2022,74300,74600,73400,74000,73172.03906,12730034
2/7/2022,73500,73600,72400,73000,72183.22656,14240838
2/8/2022,73000,73000,73000,73000,72183.22656,0
2/9/2022,73000,73000,73000,73000,72183.22656,0
2/10/2022,75600,75800,74700,75400,74556.375,17746033
2/11/2022,75000,75500,74600,74900,74061.96875,12205407
2/14/2022,74400,74500,73100,73700,72875.39844,13993255
2/15/2022,74100,74200,73100,73700,72875.39844,9320365
2/16/2022,74600,74900,74200,74800,73963.08594,10767386
2/17/2022,75000,75600,74500,75000,74160.85156,13605382
2/18/2022,74600,74800,73700,74300,73468.67969,10122226
2/21/2022,74300,74300,74300,74300,73468.67969,0
2/22/2022,74300,74300,74300,74300,73468.67969,0
2/23/2022,74300,74300,74300,74300,73468.67969,0
2/24/2022,72300,72300,71300,71500,70700.00781,15759283
2/25/2022,72100,72600,71900,71900,71095.53906,13168484
2/28/2022,71900,71900,71900,71900,71095.53906,0
3/2/2022,72300,72400,71500,71700,70897.76563,12481430
3/3/2022,72300,73100,72200,72900,72084.34375,13232638
3/4/2022,72900,72900,72900,72900,72084.34375,0
3/7/2022,70000,70600,69900,70100,69315.67188,18617138
3/8/2022,68800,70000,68700,69500,68722.39063,15828269
3/10/2022,69500,69500,69500,69500,68722.39063,0
3/11/2022,70500,70700,69700,70000,69216.79688,15787655
3/14/2022,70000,70200,69600,70200,69414.55469,9040993
3/15/2022,70200,70200,70200,70200,69414.55469,0
3/16/2022,70200,70500,69700,70400,69612.32031,10175750
3/17/2022,70400,70400,70400,70400,69612.32031,0
3/18/2022,70600,70900,70200,70700,69908.96094,14410038
3/21/2022,70900,71000,69900,69900,69117.91406,11169002
3/22/2022,69900,70500,69900,70300,69513.4375,9402666
3/23/2022,70600,71200,70300,70500,69711.20313,12398025
3/24/2022,69600,70300,69600,69800,69019.03125,37943357
3/25/2022,70100,70200,69600,69800,69019.03125,12986010
3/28/2022,69500,69900,69200,69700,68920.14844,12619289
3/29/2022,70000,70300,69800,70200,69414.55469,13686208
3/30/2022,70300,70500,69800,69900,69475.1875,12670187
3/31/2022,69900,70200,69600,69600,69177.00781,12510366
4/1/2022,69500,69500,69000,69100,68680.04688,15916846
4/4/2022,68900,69300,68600,69300,68878.82813,11107905
4/5/2022,69400,69600,69100,69200,68779.4375,8467248
4/6/2022,68600,68800,68500,68500,68083.69531,15517308
4/7/2022,68500,68500,68000,68000,67586.73438,20683327
4/8/2022,68100,68300,67700,67800,67387.94531,15453191
4/11/2022,67800,68100,67400,67900,67487.34375,12263735
4/12/2022,67600,67700,67000,67000,66592.8125,13924389
4/13/2022,67300,69000,67200,68700,68282.47656,17378619
4/14/2022,68700,68700,67500,67500,67089.77344,16409494
4/15/2022,67200,67300,66500,66600,66195.24219,13176415
4/18/2022,66500,67100,66100,66700,66294.63281,10119203
4/19/2022,67100,68000,67000,67300,66890.98438,12959434
4/20/2022,67000,67400,66500,67400,66990.375,16693293
4/21/2022,67600,68300,67500,67700,67288.55469,12847448
4/22/2022,67200,67300,66700,67000,66592.8125,11791478
4/25/2022,66500,66700,66300,66300,65897.0625,11016474
4/26/2022,66400,66700,66100,66100,65698.28125,12946923
4/27/2022,65400,65500,64900,65000,64604.96484,18122084
4/28/2022,65400,65500,64500,64800,64406.17969,16895527
4/29/2022,65100,67600,65000,67400,66990.375,26190390
5/2/2022,66600,67600,66500,67300,66890.98438,14106184
5/3/2022,67400,68400,67300,67500,67089.77344,14168875
5/4/2022,68000,68400,67500,67900,67487.34375,11505248
5/6/2022,67000,67100,66500,66500,66095.85156,14356156
5/10/2022,65900,66300,65300,65700,65300.71094,17235605
5/11/2022,65500,66300,65200,65700,65300.71094,12330920
5/12/2022,65200,65500,64900,64900,64505.57422,16414188
5/13/2022,65300,66700,65200,66500,66095.85156,14551536
5/16/2022,67100,67400,66100,66300,65897.0625,11937555
5/17/2022,66600,67900,66600,67600,67189.16406,15680447
5/18/2022,68300,68700,67600,68100,67686.125,16486319
5/19/2022,66500,67600,66500,67500,67089.77344,17073727
5/20/2022,67800,68400,67700,68000,67586.73438,12109671
5/23/2022,68800,68800,67600,67900,67487.34375,13684088
5/24/2022,67500,67700,66500,66500,66095.85156,15482576
5/25/2022,66700,67100,65900,66400,65996.45313,15150490
5/26/2022,66300,67200,65500,65900,65499.49609,15970890
5/27/2022,66700,66900,66200,66500,66095.85156,11405555
5/30/2022,67500,67800,66900,67700,67288.55469,14255484
5/31/2022,67500,67500,66700,67400,66990.375,24365002
6/2/2022,66600,67000,66400,66700,66294.63281,14959443
6/3/2022,67200,67300,66800,66800,66394.02344,8222883
6/7/2022,66200,66400,65400,65500,65101.92578,19355755
6/8/2022,65400,65700,65300,65300,64903.14063,12483180
6/9/2022,65100,65200,64500,65200,64803.75,25790725
6/10/2022,64000,64400,63800,63800,63412.25781,22193552
6/13/2022,62400,62800,62100,62100,61722.58984,22157816
6/14/2022,61200,62200,61100,61900,61523.80469,24606419
6/15/2022,61300,61500,60200,60700,60331.09766,26811224
6/16/2022,61300,61800,60500,60900,60529.88281,23394895
6/17/2022,59400,59900,59400,59800,59436.56641,29053450
6/20/2022,59800,59900,58100,58700,58343.25391,34111306
6/21/2022,58700,59200,58200,58500,58144.46875,25148109
6/22/2022,59000,59100,57600,57600,57249.9375,23334687
6/23/2022,57700,58000,56800,57400,57051.15234,28338608
6/24/2022,57900,59100,57700,58400,58045.07422,23256103
6/27/2022,59000,59900,58300,58800,58442.64453,18122236
6/28/2022,59200,59500,58700,59400,59039,13540538
6/29/2022,58500,58800,58000,58000,58000,14677138
6/30/2022,57200,57600,57000,57000,57000,18915142
7/1/2022,56900,57500,55900,56200,56200,24982097
7/4/2022,56100,57400,55700,57100,57100,17807126
7/5/2022,57600,58200,57200,57200,57200,14216539
7/6/2022,57300,57300,56400,56400,56400,16820461
7/7/2022,56400,58700,56300,58200,58200,21322833
7/8/2022,58600,59300,58200,58700,58700,15339271
7/11/2022,59300,59600,58700,58800,58800,13042624
7/12/2022,58600,58700,58100,58100,58100,9336061
7/13/2022,58300,58600,58000,58000,58000,10841315
7/14/2022,57500,58200,57400,57500,57500,15067012
7/15/2022,58400,60000,58100,60000,60000,18685583
7/18/2022,60600,62000,60500,61900,61900,20832517
7/19/2022,61400,61500,60200,60900,60900,15248261
7/20/2022,61800,62100,60500,60500,60500,16782238
7/21/2022,61100,61900,60700,61800,61800,12291374
7/22/2022,61800,62200,61200,61300,61300,10261310
7/25/2022,60900,61900,60800,61100,61100,9193681
7/26/2022,60800,61900,60800,61700,61700,6597211
7/27/2022,61300,61900,61200,61800,61800,7320997
7/28/2022,62300,62600,61600,61900,61900,10745302
7/29/2022,62400,62600,61300,61400,61400,15093120
8/1/2022,61000,61700,60300,61300,61300,13154816
8/2/2022,61200,61900,61000,61700,61700,13614895
8/3/2022,61600,61600,61000,61300,61300,10053861
8/4/2022,61700,61800,61200,61500,61500,9125439
8/5/2022,61700,61900,61200,61500,61500,9567620
8/8/2022,61400,61400,60600,60800,60800,11313150
8/9/2022,60600,60700,59600,60000,60000,18251170
8/10/2022,58900,59200,58600,59100,59100,18084349
8/11/2022,59600,60000,59300,59900,59900,15141941
8/12/2022,59500,60700,59400,60200,60200,10786658
8/16/2022,60500,61600,60300,61000,61000,15036727
8/17/2022,61100,61200,60300,60400,60400,9061518
8/18/2022,60300,61900,60000,61500,61500,16372754
8/19/2022,61400,61600,60600,60900,60900,6923679
8/22/2022,60300,60400,59800,60000,60000,8259865
8/23/2022,59000,59600,59000,59100,59100,9041629
8/24/2022,59200,59500,59000,59000,59000,8888486
8/25/2022,59200,59700,59000,59700,59700,5767902
8/26/2022,60300,60900,59900,60000,60000,9499995
8/29/2022,58700,58900,58600,58600,58600,9841329
8/30/2022,58700,59000,58300,58800,58800,9690044
8/31/2022,58200,59900,58200,59700,59700,14203512
9/1/2022,58700,58900,58300,58400,58400,14905777
9/2/2022,58300,58600,57500,57500,57500,15040310
9/5/2022,57400,57800,56800,57100,57100,11425977
9/6/2022,57200,57600,56900,57100,57100,7503086
9/7/2022,56700,56700,55900,56000,56000,17384854
9/8/2022,56200,56400,55600,55600,55600,18000016
9/13/2022,57000,58500,56800,58100,58100,17166581
9/14/2022,56200,57200,56100,56800,56800,12524961
9/15/2022,57000,57100,56000,56000,56000,11664819
9/16/2022,55600,56400,55500,56200,56200,13456503
9/19/2022,56300,57000,56000,56400,56400,12278653
9/20/2022,56400,57000,55800,55800,55800,14041465
9/21/2022,55400,55500,55000,55300,55300,11863700
9/22/2022,54600,54700,54300,54400,54400,12786510
9/23/2022,54400,54900,54200,54500,54500,10555964
9/26/2022,53700,54200,53600,53900,53900,15008449
9/27/2022,53800,54200,53500,54200,54200,16631289
9/28/2022,53900,54400,52500,52900,52900,19991129
9/29/2022,53300,53700,52600,52600,52600,13882080
9/30/2022,52300,53600,51800,53100,53100,22503249
10/4/2022,55300,55400,54500,55200,55200,19148435
10/5/2022,56900,57200,55400,56000,56000,22458970
10/6/2022,56700,57300,56300,56300,56300,14944446
10/7/2022,55900,56900,55200,56200,56200,16886813
10/11/2022,54400,55700,54000,55400,55400,21437877
10/12/2022,55700,57000,55200,55800,55800,18408910
10/13/2022,55400,56100,55200,55200,55200,13784602
10/14/2022,56200,56500,55800,56300,56300,12924326
10/17/2022,55800,57000,55700,56600,56600,13641878
10/18/2022,56700,57100,55800,56500,56500,14820702
10/19/2022,56700,56900,55700,55800,55800,12660652
10/20/2022,55200,56000,55100,55500,55500,15758212
